碍狼角	岿	拳	荐	格	陛	配
310包 305龋	11.12.13	1.2.7.8.9		1.2	4.5.6.7.8.9	
310包 310龋	1.2.3.4.5.6.7.8	1.2.5.6.7	1.2.3.4.5.6.7.8	1.2.5.6.7	4.7.8.9	1.2.3.6.7.8
310包 311龋	1.2.3.4.6.7	2.3.5.6.7.8	1.2.3.4.6.7.8.9	2.3.5.6.7.8		1.2.3.5.6.7.8.9.10
310包 312龋	1.2.3.4.5.6.7.8.9	1.2.3.4.9.10	1.2.3.5.7	1.2.3.5.6.7.8	1.2.3.4.5.6.10	1.2.3.4.5.6
310包 315龋	1.2.4.5.6.7.8.9	1.2.3.4.6.7.8	1.2.3.4.5.6.7	2.4.5.6.8	10	4.5.6.7.8.9
310包 316龋	1.3.4.6.7.8.9	1.2.3.4.6.7.8	1.2.3.4.5.6.7.8.9	2.3.5.6.7.8	1.2.3	1.2.3.5.6
310包 321龋	3.4.9	3.5.6.7.8.9	2.3.7.8.9	3.4.5.6.7.8.9	7.8.9	
310包 412龋	2.3.4.6.7.8	1.2.3.5.6.7.8	2.3.4.6.7.8.9	1.2.3.5.6.7.8	1.2.3.4.5.6	
310包 414龋	0.1.2.5.6.7.8.9	0.1.2.3.4.5.6.7.8	1.2.3.4.5.6.7.8.9	1.2.3.6.7.8.9	1.2.3.4.5.6.7.8	
310包 417龋	1.2.3.4.5.6.7.8	3.5.6.7.8.9	1.2.3.4.5.6	3.4.6		3.4.5.9.10
310包 418龋	3.4.5.6.7.8.9	3.4.5.6.7.8	1.2.3.5.6.7.8.9	3.5.6.7.8.9	0.1.2	6.7
310包 419龋	1.2.3.5.6.7.8.9	2.3.5.6.7.8.9	1.2.3.5.6.7.8	2.3.5.6.7.8	1.2.3.4.5.6	1.2.9.10
310包 420龋	2.3.5.6.7.8.9	2.3.5.6.7.8.9	2.3.5.6.7.8.9	2.3.5.6.7.8.9		3.4.5.6.7.8.9.10
310包 421龋	7.8.9		1.2.3.4.7.8.9.10.11	4.5.6.7.8.9	1.2.3	
310包 422龋	1.2.3.4.7.8.9	7.8.9	1.2.3.5.6.7.8.9		5	
310包 502龋	4.7.8.9	3.4.7.8	5.6.7.8	1.2.3.7.8.10.11.12	1.2.4	1.2.3.4
310包 503龋	2.3.4.7.8.9	2.3.5.6	2.3.5.6.7.8.9.10.11.12	2.3.4.5.6	1.2.3	
310包 505龋	2.3	4.5.6	2.3.7.8.9	2.3	1.2.3.4.5.6	
310包 512龋	2.3.5.6.7.8	7.8	1.2.3.7.8.9	5.6.7.8.9	4.5.6	
310包 513龋		2.3.4.5.6.7.8	7.8	2.3.4.5.6	1.2.3.4.5.6	
310包 514龋	1.2.3.4.6.7.8.9.10.11.12.13.14	1.2.3.5.6	0.1.2.3.5.6.7	3.4.5.6.7.8	3.4.7.8.9.10	
310包 517龋	1.2.3.4.7.8.9.10	3.4.5.6.7.8.9	1.4.5.6.9.10.11.12.13.14	1.2.5.6.7.8	1.2.3.4.7.8.9.10	1.2.3.4.5.6
310包 518龋	3.4.7.8.9	3.4.5.6.9.10.11.12.13.14	1.2.3.5.7	3.6.7.8	5.6.7.8.9.10	
310包 519龋	3.4.6.7.9	3.4.5.6.7.8	3.5.6.7.8	8.9.10.11.12.13.14	10.3	1.2.3.4.5.6
310包 520龋	2.3.4.5.6.7	6.7.8	0.1.2.3.4.5.6.7.8	1.2.3.4.5.6.7	10	
310包 521龋	3.4.5.6	1.2.3.4.7.8	1.2.3.4.7.8.9	5.6.7.8	1.2	
310包 523龋	3.4.5.7.8.9	1.2.3.4.5.6.7.8.9.10	1.2.3.4.5.6.7.8.9	1.2.3	5.6.7.8.9.10	
310包 601龋	4.5.6	5.7.8	5.6.7.8	4.5.6.7.8	3	
310包 602龋	7.8.9	5.6	5.6.7.8	5.6.7.8.9		
310包 603龋	2.3.7.8.9	5.6	2.3.4.5.6.7.8.9	5.6.7	4.5.6.7.8.9	
310包 605龋	1.2.3.7.8.9	11.12.13	7.8.9	4.5.6.7.8.9	4.5.6.7.8.9.11.12.13	
310包 607龋		4.5.6.7.8.9.10.11.12	1.2.3.4.5.6.7.8.9	4.5.6		1.2.3.4
310包 611龋	5.6.8.9	1.2.5.6	1.2.3.4.5.6.7.8	1.2.5.6	4.5.6.7.8.9	
310包 612龋	7.8	2.3.5.6.7.8.9	4.5.6.7.8	2.3.5.6	3.4.5.6	
310包 613龋	1.2.4.7.8	2.3.4.5.6.7.8	1.2.5.6.7.8.9	4	5.6	
310包 616龋	1.2.4.5.6.7.8.9	1.2.3.4.5.6	1.2.3.5.7.8.9	5	5.6.7.8	
310包 617龋	3.5.6.7.8	1.2.3.4.5.6.7.8	3.4.6.8	3.4.7.8.9	1.2.3	
310包 618龋	7.8	1.2.3.4.5.7.8	1.2.3.4.5.6.7.8	2.7.8	3.4.6.7.8.9	
310包 619龋	7.8	1.2.5.6.7.8.9		2.3.4.6.7.8	5.6	
310包 620龋	1.2.3.4.5.6.7.8.10.11	3.4.7.8	3.4.7.8.9	7.8.9	4	
310包 622龋	5	3.4.5.6.7.8.9	3.4.5.6	3.4.7.8.9	3.4	
310包 629龋					9.10.11.12	
310包 630龋					9.10.11.12	
310包 633龋					9.10.11.12	
310包 634龋					9.10.11.12	
310包 635龋					9.10.11.12	
310包 636龋					9.10.11.12	
310包 637龋					9.10.11.12	
310包 638龋					9.10.11.12	
310包 639龋					9.10.11.12	
310包 640龋					9.10.11.12	
310包 641龋					9.10.11.12	
310包 701龋	7.8.9	5.6.7.8.9.10	1.2.4.5.6.7.8	1.2.5.6.7.8.9.10	4.5.6	
310包 702龋	2.3.5.6.7.8.9	2.3.5.6.7.8.9	2.3.5.6.7.8.9	2.3.5.6.7.8.9	4.5.6	
310包 703龋	2.3.5.6.7.8.9	4.5.6.7.8	2.3.5.6.7.8.9	7.8	1.2.3.4	
310包 704	4.5.6.7.8.9	1.2.5.6.7.8	4.5.6.8.9	1.2.5.6.7.8	1.2.3.4.5.6.7.8.9	
310包 705	2.3.7.8	2.3.7.8.9	2.3.7.8	2.3.7.8.9	1.2.3	
310包 717	2.3.5.6	1.2.3.7.8.9	2.3.5.6	1.2.3.4.5.6		1.2.3.4
310包 721	2.3.5.6.7.8.9	1.2.3.4.5.6.7.8.9.11.12.13	1.2.3.5.6.7.8.9.11.12.13	1.2.3.4.5.6.7.8.9.11.12.13	1.2.3.7.8.9.11.12.13	
310包 722	5.6.7.8	1.2.3.5.6.7.8.9	3.4.5.6.7.8	1.2.3.5.6.7.8.9		
310包 723	1.2.4.5.6.7.8	5.6.7.8.9	2.3.4.5.8	3.4.5.6.7.8	6.7.8	
310包 726	1.2.3.5.6.7.8.9	3.4.5.6.8	3.4.5.6.7.8.9.10	3.7.8.10.11	4.5.6	
310包 727	3.4.5.6.7.8	1.2.3.5.6.7.8	1.2.4.5.6.7.8	2.3.4.5	4.5.6	
310包 728	3.4.5.6.7	3.5.6.7.8	1.2.3.4.5.6.7.8	3.4.5.6.7.8	3.4.5.6.7.8.9	
310包 729	2.3	2.3.6	4.5.6.8.9.10	2.3.4.5.6	3.4.5	
310包 730	2.3.7.8	6.7.8.9.10.11.12	2.3.7.8	6.7.8.9.10.11.12	4.5.6.7	
310包 731	5.6.7.8	3.4.5.6	5.6.7.8	3.5.6	5.6.7.8.9	
310包 801	4.5.6.7.8	1.2.3.7.8.9	1.2.3.7.8	1.2.3.7.8	3.4.5.6	1.2.3
310包 802	2.3.4.5.6	2.3.5.6	2.3.4.5.6.7.8.9	2.3.4.5.6.7.8	1.2.3.4.7.8.9	1.2.3.4
310包 803	6	2.3.5.6.7.8	1.2.3.4.7.8.9.11.12.13	2.3.4.5.6.7.8	1.2.3.4.5.6	1.2.3.4
310包 804	1.2.5.6.7.8.11.12.13	2.3.11.12.13	1.2.5.6.7.8.10.11	2.3.4.5.6.11.12.13	1.2.3	
310包 809	7.8	1.2.5.6	5.6	1.2.5.6		1.2.3.4
310包 818	5.6.7.8.9	1.2.3.4.5.6.7.8.9	5.6.7.8.9.11.12.13	1.2.3.4.5.6.7.8.9.11.12.13	1.2.3.4.5.6.7.8.9	3.4
310包 819	2.3.5.6.7.8.11.12.13	2.3.4.5.6.7.8.9	2.3.5.6.7.8.11.12.13	4.5.6.7.8.9.11.12.13	3.4.5.6.7.8.9.11.12.13	1.2.3.4.5.6.7
310包 920龋	1.2.3.4.7.8.9.11.12.13	3.4.5.6.7.8.9.11.12.13	3.4.5.7.8.11.12.13	3.4.5.6.7.8.9.11.12.13	1.2.3.7.8.9.11.12.13	1.2.3.5.6.7.8.9.10
310包 921龋	6.7.8.9.11.12.13	3.4.5.6.7.8	1.2.3.6.7.8.9.11.12.13	3.4.7.8	1.2.3.4.5.6.7.8.9.11.12.13	4.5.6.7.8.9.11.12.13
310包 922龋	3.4.5.6.7.11.12.13	3.4.7.8.9.11.12.14	3.4.5.6.7.11.12.13	3.4.5.6.7.8.9.11.12.13	1.2.3.7.8.9.11.12.13	1.2.3.4.5.6.7.8.9.10
310包 925龋	1.2.3.4.5.6.7.8.11.12.13	1.2.3.5.6.7.8.11.12.13	1.2.3.5.6.7.8.11.12.13	1.2.3.4.5.6.7.8.11.12.13	1.2.3.7.8.9.11.12.13	1.2.3.5.6.7.8.9
310包 926龋	1.2.3.4.5.6.11.12.13	2.3.5.6.7.8.11.12.13	1.2.3.4.5.6.7.8.9.11.12.13	2.3.4.5.6.7.8.11.12.13	1.2.3.11.12.13	1.2.3.5.6.7
310包 927龋	2.3.5.6.7.8.11.12.13	5.6.7.8.11.12.13	2.3.5.6.7.8.11.12.13	1.2.3.5.6.7.8.11.12.13	1.2.3.4.5.6.7.8.9.11.12.13	1.2.3.5.6.7.8.9.10
310包 928龋	2.3.5.6.7.8.11.12.13	2.3.5.6.11.12.13	2.3.5.6.7.8.11.12.13	2.3.5.6.7.8	1.2.3.4.5.6	1.2.3.5.6.7
310包 932龋	1.2.3.7.8	5.6	1.2.3.7.8	5.6.7.8.9	1.2.3.4.5.6	
310包 B501龋	2.4.5.6	1.2.3.4.5.6.7.8.9	5.6.7.8.9			
310包 B502龋	1.2.3.4.5.6.7.8.9	1.2.3.4.5.6.7.8.9	1.2.3.4.5.6.7.8.9	3.4.5.6.7.8		
310包 B601龋	1.2.3.4.5.6.7.8.9	3.4.5.6.7.8	3.4.5.6.7.8.9	1.2.4.5.6.7.8.9	4.5.6	
310包 B602龋	4.5.6.7.8.9	1.2.3.4.5.6.7.8.9	4.5.6.7.8.9	1.2.3.4.5.6.7.8.9	4.5.6	
310包 B603龋	1.2.3.4.5.6.7.8.9	1.2.3.4.5.6.7.8.9	1.2.3.4.5.6.7.8.9.10	1.2.3.4.5.6.7.8.9.10	1.2.3.4.5.6	
